,Tic Year سنة المخالفة,"Tic Type
 نوع المخالفة","Tpm Desc Ar 
مادة المخالفة","NO of Tic 
عدد المخالفات"
0,2016,حضوري, إحداث تغييرات في قاعدة ( شاسي ) بدون ترخيص,6379
1,2016,حضوري,إحداث تغييرات في لون المركبة بدون ترخيص,2089
2,2016,حضوري,إحداث تغييرات في محرك المركبة دون ترخيص,24796
3,2016,حضوري,"اختلاف لوحات الارقام بين القاطرة والمقطورة , وشبه المقطورة",9
4,2016,حضوري,إساءة إستعمال المواقف,560
5,2016,حضوري,إستخدام الهاتف النقال بواسطة اليد أثناء القيادة,37798
6,2016,حضوري,استعمال الانارة الداخلية اثناء سير المركبة بدون مبرر,828
7,2016,حضوري,استعمال آلة التنبيه بصورة مزعجه,129
8,2016,حضوري,استعمال آلة التنبيه في أماكن محظورة,45
9,2016,حضوري,استعمال المركبة في غير الغرض المخصص لها,1810
10,2016,حضوري,إستعمال أنوار دوارة متعددة الألوان,3586
11,2016,حضوري,استعمال مركبات التعليم في غير الأماكن المحددة من سلطة الترخيص,49
12,2016,حضوري,استعمال مركبات التعليم في غير الأوقات المحددة من سلطة الترخيص,9
13,2016,حضوري,الإنتقال إلى الطريق بصورة خطرة,53
14,2016,حضوري,الإنحراف المفاجئ بالمركبة,5718
15,2016,حضوري,التجاوز بصورة خاطئة,668
16,2016,حضوري,التجاوز في مكان ممنوع فيه التجاوز,344
17,2016,حضوري,التجاوز من اليمين,3330
18,2016,حضوري,التجاوز من ناحية كتف الطريق,2151
19,2016,حضوري,التسبب في إحداث أضرار بليغة في المركبة,9
20,2016,حضوري,التسبب في إصابة شخص أصابات بليغة,89
21,2016,حضوري,التسبب في إصابة شخص إصابة متوسطة,356
22,2016,حضوري,التسبب في وفاة شخص,116
23,2016,حضوري,التسبب في وقوع حادث تدهور,33
24,2016,حضوري,الحمولة الزائدة أو بروز الحمولة في المركبات الثقيلة عما هو مقرر دون ترخيص,340
25,2016,حضوري,الحمولة الزائدة أو بروز الحمولة في المركبات الخفيفة عما هو مقرر دون ترخيص,2908
26,2016,حضوري,الدخول في مكان ممنوع,10821
27,2016,حضوري,الدوران بالمركبة بطريقة خاطئة,742
28,2016,حضوري,الدوران بالمركبة من غير المكان المخصص لذلك,1076
29,2016,حضوري,الرجوع للخلف بصورة خطرة,1220
30,2016,حضوري,السماح للاطفال دون سن العاشرة بالجلوس في المقعد الأمامي في المركبة,1894
31,2016,حضوري,السماح للغير بقيادة مركبة غير مرخصة,4
32,2016,حضوري,السير ليلا او في أوقات الضباب دون إستعمال الأنوار,4120
33,2016,حضوري,القاء المخلفات من المركبات بالطريق العام,440
34,2016,حضوري,القيادة بسرعه تقل عن الحد الأدنى للسرعه المحددة للطريق,54
35,2016,حضوري,القيادة بلوحة واحدة,1372
36,2016,حضوري,الهروب من شرطي المرور,80
37,2016,حضوري,الوقوف خلف المركبات مما يعوق تحركها,2048
38,2016,حضوري,الوقوف على كتف الطريق في غير الحالات الطارئة,442
39,2016,حضوري,الوقوف في الصندوق الأصفر,10
40,2016,حضوري,الوقوف في أماكن التحميل والتنزيل دون مقتضى,1058
41,2016,حضوري,الوقوف في مكان ممنوع,8070
42,2016,حضوري,الوقوف وسط الطريق دون مبرر,2453
43,2016,حضوري,إيقاف المركبة دون مراعاة البعد المحدد قانونا من المفترق أو المنعطف,84
44,2016,حضوري,إيقاف المركبة على الأرصفة,586
45,2016,حضوري,إيقاف المركبة على الجانب الأيسر من الطريق العام في غير الأماكن المسموح فيها,58
46,2016,حضوري,إيقاف المركبة على ممر عبورة المشاة,129
47,2016,حضوري,إيقاف مركبة بطريقة تسبب خطر للمارة او تعرقل حركة السير,37
48,2016,حضوري,تجاوز الإشارة الضوئية الحمراء,1153
49,2016,حضوري,تجاوز الحد الأقصى للسرعة المقررة بما لايزيد عن 10 كم / ساعة,9
50,2016,حضوري,تجاوز الحد الأقصى للسرعة المقررة بما لايزيد عن 20 كم / ساعة,12
51,2016,حضوري,تجاوز الحد الأقصى للسرعة المقررة بما لايزيد عن 30 كم / ساعة,24938
52,2016,حضوري,تجاوز الحد الأقصى للسرعة المقررة بما لايزيد عن 40 كم/ ساعة,9719
53,2016,حضوري,تجاوز الحد الأقصى للسرعة المقررة بما لايزيد عن 50 كم / ساعة,3394
54,2016,حضوري,تجاوز الحد الأقصى للسرعة المقررة بما لايزيد عن 60 كم / ساعة,1093
55,2016,حضوري,تجاوز الحد الأقصى للسرعة المقررة بما يزيد عن 60 كم / ساعة,739
56,2016,حضوري,تحميل المركبة الثقيلة بصورة تشكل خطورة على الغير أو تلحق أضرار بالطريق,120
57,2016,حضوري,تحميل المركبة الخفيفة بصورة تشكل خطورة على الغير أو الطرق,92
58,2016,حضوري,تحميل ونقل الركاب بطريقة غير قانونية,649
59,2016,حضوري,ترك المركبة في الطريق ومحركها دائر,2840
60,2016,حضوري,تسرب أو تساقط أشياء من حمولة المركبة,48
61,2016,حضوري,تسيير المركبات الصناعية والأنشائية والجرارات والأجهزة الميكانيكية دون تصريح من سلطة الترخيص,63
62,2016,حضوري,تعليم القيادة بمركبة غير مخصصة للتعليم دون أذن من سلطة الترخيص,1
63,2016,حضوري,دخول الطريق دون التأكد من خلوه,3125
64,2016,حضوري,زيادة نسبة تلوين زجاج مركبة عما هو مصرح به,9464
65,2016,حضوري,عبور المشاة للطريق من غير الأماكن المخصص لعبورهم ( أن وجدت),41711
66,2016,حضوري,عدم إبراز رخصة القيادة عند الطلب,44
67,2016,حضوري,عدم إبراز ملكية المركبة عند الطلب,64
68,2016,حضوري,عدم إتباع إرشادات شرطي المرور,607
69,2016,حضوري,عدم إتخاذ اللازم لسلامة حركة السير عند تعطل المركبة,191
70,2016,حضوري,عدم إرتداء الخوذة أثناء قيادة الدراجة,153
71,2016,حضوري,عدم استخدام الأضاءة الداخلية في الحافلات ليلا,69
72,2016,حضوري,عدم استعمال الإشارات عند تغيير اتجاه المركبة او الدوران,14545
73,2016,حضوري,عدم إعطاء أفضلية الطريق لمركبات الطوارئ أو الإسعاف أو الشرطة أو المواكب الرسمية,46
74,2016,حضوري,عدم إعطاء الأولوية للمشاة في الأماكن المخصصة لعبورها,13313
75,2016,حضوري,عدم افساح الطريق للقادم من اليسار في الأماكن التي يتطلب فيها ذلك,132
76,2016,حضوري,عدم افساح المسار للقادم من الخلف بالمرور من الجهة اليسرى,463
77,2016,حضوري,عدم الالتزام بنظام التحميل أو التفريغ في المواقف,183
78,2016,حضوري,عدم التزام المركبة الثقيلة بخط السير الإلزامي,5429
79,2016,حضوري,عدم التزام المركبة الخفيفة بخط السير الإلزامي,34893
80,2016,حضوري,عدم التزام سائقي المركبات بعلامات وإرشادات المرور,33004
81,2016,حضوري,عدم الوقوف عند التسبب في حادث,645
82,2016,حضوري,عدم الوقوف عند التسبب في حادث تنتج عنه إصابات بدنية,7
83,2016,حضوري,عدم تأمين ثبات المركبة عند وقوفها,43
84,2016,حضوري,عدم تثبيت لوحات الأرقام في المكان المخصص لها,2604
85,2016,حضوري,عدم تثبيت ملصقات عاكسة خلف الشاحنات ومركبات النقل,16249
86,2016,حضوري,عدم تجديد ترخيص المركبة بعد إنتهاء مدته,59987
87,2016,حضوري,عدم ترك مسافة كافية خلف المركبات الأمامية,13641
88,2016,حضوري,عدم تغطية الحمولة في الشاحنات,29
89,2016,حضوري,عدم ربط حزام الأمان أثناء القيادة,84369
90,2016,حضوري,عدم رفع جهاز العادم في الشاحنات,5899
91,2016,حضوري,عدم صلاحية  المصابيح خلف المقطورة  أو على جوانبها,887
92,2016,حضوري,عدم صلاحية إشارات تغيير الإتجاه,1102
93,2016,حضوري,عدم صلاحية إطارات المركبة أثناء السير,37232
94,2016,حضوري,عدم صلاحية المركبة للسير,14
95,2016,حضوري,عدم صلاحية أنوار الإضاءة,6402
96,2016,حضوري,عدم فحص المركبة بعد إجراء اي تعديل جوهري في محركها او هيكلها,7567
97,2016,حضوري,عدم كتابة حمولة الشاحنات على جانبيها,5794
98,2016,حضوري,عدم نظافة مركبات الأجرة والحافلات من الداخل اوالخارج,821
99,2016,حضوري,عدم وجود نور أحمر بمؤخرة المركبة,13156
100,2016,حضوري,عدم وضوح أرقام اللوحات,5731
101,2016,حضوري,عرقلة حركة السير,14884
102,2016,حضوري,قطر مركبة أو زورق بمركبة أو عربة بطريقة غير مجهزة,803
103,2016,حضوري,قيادة المركبة بتهور,224
104,2016,حضوري,قيادة المركبة برخصة قيادة منتهية المفعول,13032
105,2016,حضوري,قيادة المركبة بصورة تشكل خطرا ( التسابق على الطريق ),185
106,2016,حضوري,قيادة المركبة بصورة تشكل خطرا على الجمهور,291
107,2016,حضوري,قيادة المركبة بعكس إتجاه السير,4534
108,2016,حضوري,قيادة مركبة أجرة دون تصريح,54
109,2016,حضوري,قيادة مركبة تحت تأثير الكحول أو المخدر أو مافي حكمه,743
110,2016,حضوري,قيادة مركبة تحدث تلوثا بالبيئة,372
111,2016,حضوري,قيادة مركبة تسبب ضجيجاً,9542
112,2016,حضوري,قيادة مركبة تطلق غازات أو أبخرة تحتوي على مركبات تزيد على النسب المقررة,495
113,2016,حضوري,قيادة مركبة ثقيلة لا تتوفر فيها شروط الأمن والسلامة,538
114,2016,حضوري,قيادة مركبة خفيفة لاتتوفر فيها شروط الأمن والسلامة,758
115,2016,حضوري,قيادة مركبة على الطريق بدون لوحات أرقام,77
116,2016,حضوري,قيادة مركبة غير مرخصة من سلطة الترخيص,33
117,2016,حضوري,قيادة مركبة غير مؤمن عليها على الطريق العام,18526
118,2016,حضوري,قيام سائقي الشاحنات بالتجاوز بصورة خطرة,159
119,2016,حضوري,كتابة عبارات أو وضع ملصقات على المركبة بدون تصريح,21375
120,2016,حضوري,مخالفة قواعد إستعمال لوحات الأرقام التجارية,28
121,2016,حضوري,مرور أو دخول المركبات الثقيلة في الطرق والأماكن الممنوعة,8219
122,2016,حضوري,نقل الركاب في مركبة غير مخصصة لنقلهم,91
123,2016,حضوري,نقل ركاب زيادة عن المقرر,3116
124,2016,حضوري,وضع علامات على الطريق تضر به أو تعطل حركة السير,1
125,2016,حضوري,وقوف المركبات أمام فوهات الحريق والأماكن المخصصة لذوي الإحتياجات الخاصة ومركبات الإسعاف,989
126,2016,حضوري,وقوف مركبات الأجرة المخصصة لها مواقف لنقل الركاب في غير الأماكن المصرح بها,151
127,2016,حضوري,عدم حمل ملكية المركبة أثناء القيادة,24642
128,2016,حضوري,عدم حمل رخصة القيادة أثناء القيادة,21171
129,2016,حضوري,القيادة بخلاف الرخصة الممنوحة,4535
130,2016,حضوري,القيادة بدون استعمال النظارة الطبية او العدسات,687
131,2016,حضوري,عدم إرتداء الزي المقرر لسائقي مركبات الأجرة أو عدم الأعتناء به,84
132,2016,حضوري,عدم وجود المصابيح خلف المقطورة أو على جوانبها,79
133,2016,حضوري,تحميل ركاب في مركبة التعليم,53
134,2016,حضوري,عدم تعليق ما يشير الى الحمولة الزائدة المرخص لها,30
135,2016,حضوري,التدخين داخل مركبات الأجرة والحافلات,22
136,2016,حضوري,عدم تثبيت علامة الأجرة في الأماكن المخصصة لها بالمركبة,16
137,2016,حضوري,رفض نقل ركاب بمركبة الأجرة,13
138,2016,حضوري,قيادة مركبة أجرة منتهية الكفالة,13
139,2016,حضوري,القيادة برخصة قيادة صادرة من دولة أجنبية في غير الحالات المرخص بها,9
140,2016,حضوري,عدم الإلتزام باللون المقرر لمركبات الأجرة أو التدريب,8
141,2016,حضوري,فتح الباب الأيسر لمركبة الأجرة,8
142,2016,حضوري,الامتناع عن إعطاء الاسم والعنوان لشرطي المرور,5
143,2016,حضوري,تعليم القيادة بمركبة تعليم لاتحمل لوحة تعليم,4
144,2016,حضوري,عدم التقيد بالتعرفة المقررة,4
145,2016,حضوري,عدم وضع تعريفة الأجور المقررة في الحافلات العمومية ومركبات الأجرة او عدم إبرازها عند الطلب,4
146,2016,حضوري,مخالفات تم تحويلها و تعديلها من قبل القاضي,1
147,2017,حضوري, إحداث تغييرات في قاعدة ( شاسي ) بدون ترخيص,2125
148,2017,حضوري, قطر مركبة أو زورق أو عربة بطريقة لا تتوافر فيها شروط الأمن والسلامة,202
149,2017,حضوري,إحداث تغييرات في لون المركبة بدون ترخيص,1464
150,2017,حضوري,إحداث تغييرات في محرك المركبة أو القاعدة (شاسي) بدون ترخيص,1559
151,2017,حضوري,إحداث تغييرات في محرك المركبة دون ترخيص,10439
152,2017,حضوري,"اختلاف لوحات الارقام بين القاطرة والمقطورة , وشبه المقطورة",8
153,2017,حضوري,إساءة إستعمال المواقف,322
154,2017,حضوري,إستخدام الهاتف النقال بواسطة اليد أثناء القيادة,16328
155,2017,حضوري,استعمال الانارة الداخلية اثناء سير المركبة بدون مبرر,407
156,2017,حضوري,استعمال آلة التنبية أو مسجل المركبة بطريقة يترتب عليها أزعاج الآخرين,213
157,2017,حضوري,استعمال آلة التنبيه بصورة مزعجه,69
158,2017,حضوري,استعمال آلة التنبيه في أماكن محظورة,12
159,2017,حضوري,استعمال المركبة في غير الغرض المخصص لها,920
160,2017,حضوري,استعمال المركبة في نقل الركاب بدون ترخيص,2909
161,2017,حضوري,استعمال المركبة في نقل مواد خطرة أو قابلة للاشتعال بدون ترخيص,5
162,2017,حضوري,إستعمال أنوار دوارة متعددة الألوان,1781
163,2017,حضوري,استعمال مركبات التعليم في غير الأماكن المحددة من سلطة الترخيص,21
164,2017,حضوري,استعمال مركبات التعليم في غير الأوقات أو الأماكن المحددة من سلطة الترخيص,15
165,2017,حضوري,الإنتقال إلى الطريق بصورة خطرة,21
166,2017,حضوري,الانتقال إلى الطريق بصورة خطرة,65
167,2017,حضوري,الإنحراف المفاجئ بالمركبة,4589
168,2017,حضوري,الانشغال عن الطريق أثناء قيادة المركبة باستعمال الهاتف,14074
169,2017,حضوري,الانشغال عن الطريق اثناء قيادة المركبة بأي صورة كان,545
170,2017,حضوري,التجاوز بصورة خاطئة,984
171,2017,حضوري,التجاوز في مكان ممنوع فيه التجاوز,123
172,2017,حضوري,التجاوز من اليمين,1431
173,2017,حضوري,التجاوز من مكان ممنوع فيه التجاوز,219
174,2017,حضوري,التجاوز من ناحية كتف الطريق,1275
175,2017,حضوري,التسبب في إحداث أضرار بليغة في المركبة,3
176,2017,حضوري,التسبب في إصابة شخص أصابات بليغة,35
177,2017,حضوري,التسبب في إصابة شخص إصابة متوسطة,146
178,2017,حضوري,التسبب في وفاة شخص,75
179,2017,حضوري,التسبب في وقوع حادث بليغ أو إصابات,89
180,2017,حضوري,التسبب في وقوع حادث تدهور,9
181,2017,حضوري,الحمولة الزائدة أو بروز الحمولة في المركبات الثقيلة عما هو مقرر دون ترخيص,134
182,2017,حضوري,الحمولة الزائدة أو بروز الحمولة في المركبات الخفيفة عما هو مقرر دون ترخيص,1851
183,2017,حضوري,الدخول بالمركبة في مكان ممنوع,2371
184,2017,حضوري,الدخول في مكان ممنوع,4936
185,2017,حضوري,الدوران بالمركبة بطريقة خاطئة,869
186,2017,حضوري,الدوران بالمركبة من غير المكان المخصص لذلك,1145
187,2017,حضوري,الرجوع إلى الخلف بصورة خطرة,538
188,2017,حضوري,الرجوع للخلف بصورة خطرة,615
189,2017,حضوري,السماح للاطفال دون سن العاشرة بالجلوس في المقعد الأمامي في المركبة,756
190,2017,حضوري,السماح للطفل من سن العاشرة فما دون أو من يقل طوله عن 145سم بالجلوس في المقعد الأمامي للمركبة,591
191,2017,حضوري,السماح للغير بقيادة مركبة غير مرخصة,2
192,2017,حضوري,السير في أوقات الضباب بالمخالفة لتعليمات الجهة المعنية,1442
193,2017,حضوري,السير في أوقات الضباب دون استعمال الأنوار,68
194,2017,حضوري,السير ليلاً دون استعمال الأنوار,1691
195,2017,حضوري,السير ليلا او في أوقات الضباب دون إستعمال الأنوار,1852
196,2017,حضوري,القاء المخلفات من المركبات بالطريق أثناء القيادة,257
197,2017,حضوري,القاء المخلفات من المركبات بالطريق العام,186
198,2017,حضوري,القيادة بسرعه تقل عن الحد الأدنى للسرعه المحددة للطريق,14
199,2017,حضوري,القيادة بلوحة واحدة,638
200,2017,حضوري,الهروب من شرطي المرور,88
201,2017,حضوري,الوقوف بشكل خاطئ,4544
202,2017,حضوري,الوقوف خلف المركبات مما يعوق تحركها,1519
203,2017,حضوري,الوقوف على كتف الطريق في غير الحالات الطارئة,498
204,2017,حضوري,الوقوف في الصندوق الأصفر,10
205,2017,حضوري,الوقوف في أماكن التحميل والتنزيل دون مقتضى,377
206,2017,حضوري,الوقوف في مكان ممنوع,3719
207,2017,حضوري,الوقوف وسط الطريق دون مبرر,1917
208,2017,حضوري,إيقاف المركبات على الأرصفة,367
209,2017,حضوري,إيقاف المركبة دون مراعاة البعد المحدد قانونا من المفترق أو المنعطف,22
210,2017,حضوري,إيقاف المركبة على الأرصفة,314
211,2017,حضوري,إيقاف المركبة على الجانب الأيسر من الطريق العام في غير الأماكن المسموح فيها,60
212,2017,حضوري,إيقاف المركبة على ممر عبورة المشاة,115
213,2017,حضوري,إيقاف المركبة عند مفترقات ومنعطفات الطرق,114
214,2017,حضوري,إيقاف مركبة بطريقة تسبب خطر للمارة,73
215,2017,حضوري,إيقاف مركبة بطريقة تسبب خطر للمارة او تعرقل حركة السير,35
216,2017,حضوري,إيقاف مركبة بطريقة تعرقل حركة المشاة,201
217,2017,حضوري,تجاوز الإشارة الضوئية الحمراء,556
218,2017,حضوري,تجاوز الإشارة الضوئية الحمراء من قبل الدراجات الآلية,6
219,2017,حضوري,تجاوز الإشارة الضوئية الحمراء من قبل المركبات الخفيفية,501
220,2017,حضوري,تجاوز الحد الأقصى للسرعة المقررة  بما يزيد عن 60 كم / ساعة,76
221,2017,حضوري,تجاوز الحد الأقصى للسرعة المقررة  بما يزيد عن 80 كم / ساعة,63
222,2017,حضوري,تجاوز الحد الاقصى للسرعة المقررة بما لا يزيد عن 20 كم / ساعة,23
223,2017,حضوري,تجاوز الحد الاقصى للسرعة المقررة بما لا يزيد عن 30 كم / ساعة,3443
224,2017,حضوري,تجاوز الحد الاقصى للسرعة المقررة بما لا يزيد عن 40 كم / ساعة,1124
225,2017,حضوري,تجاوز الحد الأقصى للسرعة المقررة بما لا يزيد عن 50 كم / ساعة,311
226,2017,حضوري,تجاوز الحد الأقصى للسرعة المقررة بما لا يزيد عن 60 كم / ساعة,124
227,2017,حضوري,تجاوز الحد الأقصى للسرعة المقررة بما لايزيد عن 10 كم / ساعة,10
228,2017,حضوري,تجاوز الحد الأقصى للسرعة المقررة بما لايزيد عن 20 كم / ساعة,3
229,2017,حضوري,تجاوز الحد الأقصى للسرعة المقررة بما لايزيد عن 30 كم / ساعة,8068
230,2017,حضوري,تجاوز الحد الأقصى للسرعة المقررة بما لايزيد عن 40 كم/ ساعة,2941
231,2017,حضوري,تجاوز الحد الأقصى للسرعة المقررة بما لايزيد عن 50 كم / ساعة,832
232,2017,حضوري,تجاوز الحد الأقصى للسرعة المقررة بما لايزيد عن 60 كم / ساعة,232
233,2017,حضوري,تجاوز الحد الأقصى للسرعة المقررة بما يزيد عن 60 كم / ساعة,154
234,2017,حضوري,تجاوز المركبات الثقيلة للإشارة الضوئية الحمراء,6
235,2017,حضوري,تحميل المركبة الثقيلة بصورة تشكل خطورة على الغير,52
236,2017,حضوري,تحميل المركبة الثقيلة بصورة تشكل خطورة على الغير أو تلحق أضرار بالطريق,75
237,2017,حضوري,تحميل المركبة الخفيفة بصورة تشكل خطورة على الطرق,25
238,2017,حضوري,تحميل المركبة الخفيفة بصورة تشكل خطورة على الغير,46
239,2017,حضوري,تحميل المركبة الخفيفة بصورة تشكل خطورة على الغير أو الطرق,46
240,2017,حضوري,تحميل ونقل الركاب بطريقة غير قانونية,440
241,2017,حضوري,ترك المركبة في الطريق ومحركها دائر,1418
242,2017,حضوري,تسبب سائق المركبة الثقيلة في أي حادث ينجم عنه تدهور المركبة التي يقودها أو اية مركبة أخرى,7
243,2017,حضوري,تسرب أو تساقط أشياء من حمولة المركبات الثقيلة,29
244,2017,حضوري,تسرب أو تساقط أشياء من حمولة المركبات الخفيفية,37
245,2017,حضوري,تسرب أو تساقط أشياء من حمولة المركبة,19
246,2017,حضوري,تسيير المركبات الصناعية والأنشائية والجرارات والأجهزة الميكانيكية دون تصريح من سلطة الترخيص,26
247,2017,حضوري,تسيير المركبات الصناعية والإنشائية والجرارات والأجهزة الميكانيكية دون تصريح من سلطة الترخيص,29
248,2017,حضوري,تعليم القيادة بمركبة غير مخصصة للتعليم دون أذن من سلطة الترخيص,1
249,2017,حضوري,تعليم القيادة دون الحصول على تصريح من سلطة الترخيص,1
250,2017,حضوري,تلوين مركبة غير مسموح بتلوينها,206
251,2017,حضوري,دخول الطريق دون التأكد من خلوه,3698
252,2017,حضوري,زيادة نسبة تلوين زجاج مركبة عما هو مصرح به,9797
253,2017,حضوري,سير المركبات على المسارات المخصصة لمركبات الأجرة والحافلات في غير الأحوال المصرح لها,16
254,2017,حضوري,سير المركبات في مسيرات دون تصريح أو في غير الأحوال المصرح لها,84
255,2017,حضوري,عبور المشاة للطريق من غير الأماكن المخصص لعبورهم ( أن وجدت),50693
256,2017,حضوري,عدم إبراز رخصة القيادة عند الطلب,27
257,2017,حضوري,عدم إبراز ملكية المركبة عند الطلب,27
258,2017,حضوري,عدم إتباع إرشادات شرطي المرور,235
259,2017,حضوري,عدم اتباع ارشادات شرطي المرور,666
260,2017,حضوري,عدم إتخاذ اللازم لسلامة حركة السير عند تعطل المركبة,119
261,2017,حضوري,عدم اتخاذ اللازم لسلامة حركة السير عند تعطل المركبة,95
262,2017,حضوري,عدم إرتداء الخوذة أثناء قيادة الدراجة,63
263,2017,حضوري,عدم ارتداء الخوذة اثناء قيادة الدراجة من قبل الراكب,15
264,2017,حضوري,عدم ارتداء الخوذة أثناء قيادة الدراجة من قبل السائق,55
265,2017,حضوري,عدم استخدام الأضاءة الداخلية في الحافلات ليلا,40
266,2017,حضوري,عدم استعمال الإشارات عند تغيير اتجاه المركبة او الدوران,6506
267,2017,حضوري,عدم استعمال الإشارات عند تغيير اتجاه المركبة أو الدوران,3756
268,2017,حضوري,عدم إعطاء أفضلية الطريق لمركبات الطوارئ أو الإسعاف أو الشرطة أو المواكب الرسمية,38
269,2017,حضوري,عدم إعطاء الأولوية للمشاة في الأماكن المخصصة لعبورها,9106
270,2017,حضوري,عدم افساح الطريق للقادم من اليسار في الأماكن التي يتطلب فيها ذلك,45
271,2017,حضوري,عدم إفساح الطريق للمركبات التي لها أفضيلة الطريق القادمة من الخلف أو من الجهة اليسرى,194
272,2017,حضوري,عدم افساح المسار للقادم من الخلف بالمرور من الجهة اليسرى,206
273,2017,حضوري,عدم الالتزام بنظام التحميل أو التفريغ في الأماكن المخصصة,84
274,2017,حضوري,عدم الالتزام بنظام التحميل أو التفريغ في المواقف,53
275,2017,حضوري,عدم التزام المركبة الثقيلة بخط السير الإلزامي,4548
276,2017,حضوري,عدم التزام المركبة الخفيفة بخط السير الإلزامي,34768
277,2017,حضوري,عدم التزام المشاة بالإشارات الضوئية,1245
278,2017,حضوري,عدم التزام سائقي المركبات بعلامات وإرشادات المرور,18169
279,2017,حضوري,عدم التزام قائد مركبة نقل طلبة المدارس (الحافلة) بفتح إشارة (قف) وبتعليمات وإرشادات المرور,56
280,2017,حضوري,عدم التوقف أثناء مشاهدة قائدة المركبة لإشارة (قف) الخاصة بمركبات نقل طلبة المدراس (الحافلة),355
281,2017,حضوري,عدم الوقوف عند التسبب في حادث,254
282,2017,حضوري,عدم الوقوف عند التسبب في حادث بسيط,314
283,2017,حضوري,عدم الوقوف عند التسبب في حادث تنتج عنه إصابات بدنية,10
284,2017,حضوري,عدم تأمين ثبات المركبة عند وقوفها,71
285,2017,حضوري,عدم تثبيت لوحات الأرقام في المكان المخصص لها,1117
286,2017,حضوري,عدم تثبيت ملصقات عاكسة خلف الشاحنات ومركبات النقل,10737
287,2017,حضوري,عدم تجديد ترخيص المركبة بعد إنتهاء مدته,40430
288,2017,حضوري,عدم ترك مسافة كافية خلف المركبات الأمامية,11325
289,2017,حضوري,عدم تسليم الرخصة عند بلوغ الحد التراكمي في السابقة المرورية الأولى,142
290,2017,حضوري,عدم تغطية الحمولة في الشاحنات,25
291,2017,حضوري,عدم توفير مقاعد حماية مخصصة للأطفال من عمر أربع سنوات فما دون أثناء وجودهم  في المركبة,158
292,2017,حضوري,عدم حمل تصريح التعليم أثناء التدريب,5
293,2017,حضوري,عدم حمل رخصة القيادة,7184
294,2017,حضوري,عدم حمل ملكية المركبة,7754
295,2017,حضوري,عدم ربط حزام الأمان أثناء القيادة,38664
296,2017,حضوري,عدم ربط حزام الأمان أثناء القيادة لأي من الركاب,10958
297,2017,حضوري,عدم ربط حزام الآمان أثناء القيادة من قبل السائق,31703
298,2017,حضوري,عدم رفع جهاز العادم في الشاحنات,1408
299,2017,حضوري,عدم صلاحية  المصابيح خلف المقطورة  أو على جوانبها,443
300,2017,حضوري,عدم صلاحية إشارات تغيير الإتجاه,731
301,2017,حضوري,عدم صلاحية إشارات تغيير الاتجاه,435
302,2017,حضوري,عدم صلاحية إضاءة المركبة,2660
303,2017,حضوري,عدم صلاحية إطارات المركبة أثناء السير,28367
304,2017,حضوري,عدم صلاحية المركبة للسير,16
305,2017,حضوري,عدم صلاحية أنوار الإضاءة,3282
306,2017,حضوري,عدم صلاحية مصابيح الإنارة خلف المقطورة أو على جوانبها,488
307,2017,حضوري,عدم فحص المركبة بعد إجراء أي تعديل جوهري في محركها,2350
308,2017,حضوري,عدم فحص المركبة بعد إجراء اي تعديل جوهري في محركها او هيكلها,3080
309,2017,حضوري,عدم فحص المركبة بعد إجراء أي تعديل في هيكلها,1482
310,2017,حضوري,عدم كتابة حمولة الشاحنات على جانبيها,1641
311,2017,حضوري,عدم نظافة مركبات الأجرة والحافلات من الداخل اوالخارج,191
312,2017,حضوري,عدم وجود ضوء في الإنارة الخلفية للمركبة,2907
313,2017,حضوري,عدم وجود مصابيح الإنارة خلف المقطورة أو على جوانبها,72
314,2017,حضوري,عدم وجود نور أحمر بمؤخرة المركبة,5941
315,2017,حضوري,عدم وضوح أرقام اللوحات,2793
316,2017,حضوري,عدم وضوح أرقام لوحات المركبة,1697
317,2017,حضوري,عرقلة حركة السير,7552
318,2017,حضوري,عرقلة حركة السير بأي طريقة كانت فيما لم يرد به نص في هذا الجدول,3813
319,2017,حضوري,عرقلة حركة السير( التجمهر) أثناء حوادث السير,44
320,2017,حضوري,قطر مركبة أو زورق أو عربة بدون ترخيص,126
321,2017,حضوري,قطر مركبة أو زورق بمركبة أو عربة بطريقة غير مجهزة,350
322,2017,حضوري,قيادة المركبة بتهور,116
323,2017,حضوري,قيادة المركبة برخصة قيادة منتهية المفعول,7419
324,2017,حضوري,قيادة المركبة بصورة تشكل خطرا ( التسابق على الطريق ),58
325,2017,حضوري,قيادة المركبة بصورة تشكل خطرا على الجمهور,66
326,2017,حضوري,قيادة المركبة بطريقة تعرض حياته أو حيات الأخرين أو سلامتهم أو أمنهم للخط,221
327,2017,حضوري,قيادة المركبة بعكس إتجاه السير,2223
328,2017,حضوري,قيادة المركبة بعكس اتجاه السير,2718
329,2017,حضوري,قيادة المركبة تحت تأثير الكحول,336
330,2017,حضوري,قيادة المركبة تحت تأثير المواد المخدرة أو المؤثرات العقلية أو ما في حكمها,42
331,2017,حضوري,قيادة مركبة أجرة دون تصريح,50
332,2017,حضوري,قيادة مركبة بخلاف الرخصة الممنوحة,720
333,2017,حضوري,قيادة مركبة برخصة قيادة صادرة من دولة أجنبية في غير الحالات المرخص بها,7
334,2017,حضوري,قيادة مركبة برخصة قيادة منتهية المفعول,6972
335,2017,حضوري,قيادة مركبة بسرعة تقل عن الحد الأدنى للسرعة المحددة للطريق إن وجدت,16
336,2017,حضوري,قيادة مركبة بلوحة أرقام واحدة,464
337,2017,حضوري,قيادة مركبة تحت تأثير الكحول أو المخدر أو مافي حكمه,348
338,2017,حضوري,قيادة مركبة تحدث تلوثاً للبيئة,342
339,2017,حضوري,قيادة مركبة تحدث تلوثا بالبيئة,180
340,2017,حضوري,قيادة مركبة تسبب ضجيجاً,4768
341,2017,حضوري,قيادة مركبة تطلق غازات أو أبخرة تحتوي على مركبات تزيد على النسب المقررة,282
342,2017,حضوري,قيادة مركبة ثقيلة بطريقة تعرض حياته أو حياة الآخرين أو سلامتهم أو أمنهم للخطر,2
343,2017,حضوري,قيادة مركبة ثقيلة لا تتوفر فيها شروط الأمن والسلامة,437
344,2017,حضوري,قيادة مركبة خفيفة لاتتوفر فيها شروط الأمن والسلامة,307
345,2017,حضوري,قيادة مركبة على الطريق بدون لوحات أرقام,104
346,2017,حضوري,قيادة مركبة غير صالحة للسي,21
347,2017,حضوري,قيادة مركبة غير مرخصة من سلطة الترخيص,440
348,2017,حضوري,قيادة مركبة غير مؤمن عليه,14161
349,2017,حضوري,قيادة مركبة غير مؤمن عليها على الطريق العام,12692
350,2017,حضوري,قيادة مركبة في المناطق السكنية الداخلية وحول المؤسسات التعليمية والمستشفيات بطريقة يترتب عليها تعريض حياة الآخرين للخطر,25
351,2017,حضوري,قيادة مركبة لا تتوفر فيها شروط الأمن والسلام,238
352,2017,حضوري,قيادة مركبة منتهية الترخيص,40106
353,2017,حضوري,قيام سائقي الشاحنات بالتجاوز بصورة خطرة,34
354,2017,حضوري,قيام سائقي الشاحنات بالتجاوز في مكان يمنع فيه التجاوز,41
355,2017,حضوري,كتابة عبارات أو وضع ملصقات على المركبة بدون تصريح,14837
356,2017,حضوري,مخالفة قواعد إستعمال لوحات الأرقام التجارية,15
357,2017,حضوري,مخالفة قواعد استعمال لوحات الأرقام التجارية,5
358,2017,حضوري,مرور أو دخول المركبات الثقيلة في الطرق والأماكن الممنوعة,10793
359,2017,حضوري,نقل الركاب في مركبة غير مخصصة لنقلهم,261
360,2017,حضوري,نقل الركاب في مركبة مخصصة لنقلهم زيادة عن العدد المقرر,1020
361,2017,حضوري,نقل ركاب زيادة عن المقرر,1672
362,2017,حضوري,وضع علامات على الطريق تضر به أو تعطل حركة السير,7
363,2017,حضوري,وقوف المركبات أمام فوهات الحريق,22
364,2017,حضوري,وقوف المركبات أمام فوهات الحريق والأماكن المخصصة لذوي الإحتياجات الخاصة ومركبات الإسعاف,837
365,2017,حضوري,وقوف المركبات في الأماكن المخصصة لذوي الاحتياجات الخاصة,808
366,2017,حضوري,وقوف مركبات الأجرة المخصصة لها مواقف لنقل الركاب في غير الأماكن المصرح بها,494
367,2017,حضوري,عدم حمل ملكية المركبة أثناء القيادة,11582
368,2017,حضوري,عدم حمل رخصة القيادة أثناء القيادة,10341
369,2017,حضوري,القيادة بخلاف الرخصة الممنوحة,2230
370,2017,حضوري,القيادة بدون استعمال النظارة الطبية او العدسات,320
371,2017,حضوري,عدم إرتداء الزي المقرر لسائقي مركبات الأجرة أو عدم الأعتناء به,43
372,2017,حضوري,عدم وجود المصابيح خلف المقطورة أو على جوانبها,41
373,2017,حضوري,تحميل ركاب في مركبة التعليم,17
374,2017,حضوري,عدم تعليق ما يشير الى الحمولة الزائدة المرخص لها,17
375,2017,حضوري,التدخين داخل مركبات الأجرة والحافلات,11
376,2017,حضوري,عدم تثبيت علامة الأجرة في الأماكن المخصصة لها بالمركبة,7
377,2017,حضوري,رفض نقل ركاب بمركبة الأجرة,10
378,2017,حضوري,قيادة مركبة أجرة منتهية الكفالة,2
379,2017,حضوري,القيادة برخصة قيادة صادرة من دولة أجنبية في غير الحالات المرخص بها,5
380,2017,حضوري,عدم الإلتزام باللون المقرر لمركبات الأجرة أو التدريب,6
381,2017,حضوري,فتح الباب الأيسر لمركبة الأجرة,4
382,2017,حضوري,تعليم القيادة بمركبة تعليم لاتحمل لوحة تعليم,1
383,2017,حضوري,عدم التقيد بالتعرفة المقررة,3
384,2017,حضوري,عدم وضع تعريفة الأجور المقررة في الحافلات العمومية ومركبات الأجرة او عدم إبرازها عند الطلب,1
385,2017,حضوري,مخالفات تم تحويلها و تعديلها من قبل القاضي,1
386,2017,حضوري,جمع الركاب بالمناداه مع وجود لافتات,5
387,2017,حضوري,تحميل المركبة الثقيلة بصورة من شأنها أن تلحق أضرارا بالطريق,19
388,2018,حضوري, قطر مركبة أو زورق أو عربة بطريقة لا تتوافر فيها شروط الأمن والسلامة,269
389,2018,حضوري,إحداث تغييرات في لون المركبة بدون ترخيص,691
390,2018,حضوري,إحداث تغييرات في محرك المركبة أو القاعدة (شاسي) بدون ترخيص,1360
391,2018,حضوري,استعمال آلة التنبية أو مسجل المركبة بطريقة يترتب عليها أزعاج الآخرين,286
392,2018,حضوري,استعمال المركبة في غير الغرض المخصص لها,196
393,2018,حضوري,استعمال المركبة في نقل الركاب بدون ترخيص,4753
394,2018,حضوري,استعمال المركبة في نقل مواد خطرة أو قابلة للاشتعال بدون ترخيص,3
395,2018,حضوري,استعمال مركبات التعليم في غير الأوقات أو الأماكن المحددة من سلطة الترخيص,24
396,2018,حضوري,الانتقال إلى الطريق بصورة خطرة,120
397,2018,حضوري,الإنحراف المفاجئ بالمركبة,2253
398,2018,حضوري,الانشغال عن الطريق أثناء قيادة المركبة باستعمال الهاتف,18945
399,2018,حضوري,الانشغال عن الطريق اثناء قيادة المركبة بأي صورة كان,650
400,2018,حضوري,التجاوز بصورة خاطئة,1134
401,2018,حضوري,التجاوز من مكان ممنوع فيه التجاوز,270
402,2018,حضوري,التجاوز من ناحية كتف الطريق,778
403,2018,حضوري,التسبب في وفاة شخص,68
404,2018,حضوري,التسبب في وقوع حادث بليغ أو إصابات,223
405,2018,حضوري,الحمولة الزائدة أو بروز الحمولة في المركبات الخفيفة عما هو مقرر دون ترخيص,943
406,2018,حضوري,الدخول بالمركبة في مكان ممنوع,1578
407,2018,حضوري,الدوران بالمركبة بطريقة خاطئة,360
408,2018,حضوري,الدوران بالمركبة من غير المكان المخصص لذلك,549
409,2018,حضوري,الرجوع إلى الخلف بصورة خطرة,762
410,2018,حضوري,السماح للطفل من سن العاشرة فما دون أو من يقل طوله عن 145سم بالجلوس في المقعد الأمامي للمركبة,319
411,2018,حضوري,السير في أوقات الضباب بالمخالفة لتعليمات الجهة المعنية,2593
412,2018,حضوري,السير في أوقات الضباب دون استعمال الأنوار,128
413,2018,حضوري,السير ليلاً دون استعمال الأنوار,1800
414,2018,حضوري,القاء المخلفات من المركبات بالطريق أثناء القيادة,267
415,2018,حضوري,الهروب من شرطي المرور,72
416,2018,حضوري,الوقوف بشكل خاطئ,7380
417,2018,حضوري,الوقوف خلف المركبات مما يعوق تحركها,638
418,2018,حضوري,الوقوف في الصندوق الأصفر,13
419,2018,حضوري,الوقوف وسط الطريق دون مبرر,889
420,2018,حضوري,إيقاف المركبات على الأرصفة,389
421,2018,حضوري,إيقاف المركبة على الجانب الأيسر من الطريق العام في غير الأماكن المسموح فيها,27
422,2018,حضوري,إيقاف المركبة على ممر عبورة المشاة,97
423,2018,حضوري,إيقاف المركبة عند مفترقات ومنعطفات الطرق,105
424,2018,حضوري,إيقاف مركبة بطريقة تسبب خطر للمارة,36
425,2018,حضوري,إيقاف مركبة بطريقة تعرقل حركة المشاة,54
426,2018,حضوري,تجاوز الإشارة الضوئية الحمراء من قبل الدراجات الآلية,12
427,2018,حضوري,تجاوز الإشارة الضوئية الحمراء من قبل المركبات الخفيفية,814
428,2018,حضوري,تجاوز الحد الأقصى للسرعة المقررة  بما يزيد عن 60 كم / ساعة,103
429,2018,حضوري,تجاوز الحد الأقصى للسرعة المقررة  بما يزيد عن 80 كم / ساعة,28
430,2018,حضوري,تجاوز الحد الاقصى للسرعة المقررة بما لا يزيد عن 20 كم / ساعة,270
431,2018,حضوري,تجاوز الحد الاقصى للسرعة المقررة بما لا يزيد عن 30 كم / ساعة,1777
432,2018,حضوري,تجاوز الحد الاقصى للسرعة المقررة بما لا يزيد عن 40 كم / ساعة,683
433,2018,حضوري,تجاوز الحد الأقصى للسرعة المقررة بما لا يزيد عن 50 كم / ساعة,246
434,2018,حضوري,تجاوز الحد الأقصى للسرعة المقررة بما لا يزيد عن 60 كم / ساعة,121
435,2018,حضوري,تجاوز المركبات الثقيلة للإشارة الضوئية الحمراء,19
436,2018,حضوري,تحميل المركبة الثقيلة بصورة تشكل خطورة على الغير,60
437,2018,حضوري,تحميل المركبة الخفيفة بصورة تشكل خطورة على الطرق,38
438,2018,حضوري,تحميل المركبة الخفيفة بصورة تشكل خطورة على الغير,50
439,2018,حضوري,تسبب سائق المركبة الثقيلة في أي حادث ينجم عنه تدهور المركبة التي يقودها أو اية مركبة أخرى,32
440,2018,حضوري,تسرب أو تساقط أشياء من حمولة المركبات الثقيلة,39
441,2018,حضوري,تسرب أو تساقط أشياء من حمولة المركبات الخفيفية,47
442,2018,حضوري,تسيير المركبات الصناعية والإنشائية والجرارات والأجهزة الميكانيكية دون تصريح من سلطة الترخيص,42
443,2018,حضوري,تعليم القيادة بمركبة غير مخصصة للتعليم دون أذن من سلطة الترخيص,2
444,2018,حضوري,تعليم القيادة دون الحصول على تصريح من سلطة الترخيص,7
445,2018,حضوري,تلوين مركبة غير مسموح بتلوينها,609
446,2018,حضوري,دخول الطريق دون التأكد من خلوه,2540
447,2018,حضوري,زيادة نسبة تلوين زجاج مركبة عما هو مصرح به,15489
448,2018,حضوري,سير المركبات على المسارات المخصصة لمركبات الأجرة والحافلات في غير الأحوال المصرح لها,34
449,2018,حضوري,سير المركبات في مسيرات دون تصريح أو في غير الأحوال المصرح لها,25
450,2018,حضوري,عبور المشاة للطريق من غير الأماكن المخصص لعبورهم ( أن وجدت),51217
451,2018,حضوري,عدم اتباع ارشادات شرطي المرور,926
452,2018,حضوري,عدم اتخاذ اللازم لسلامة حركة السير عند تعطل المركبة,251
453,2018,حضوري,عدم ارتداء الخوذة اثناء قيادة الدراجة من قبل الراكب,16
454,2018,حضوري,عدم ارتداء الخوذة أثناء قيادة الدراجة من قبل السائق,67
455,2018,حضوري,عدم استعمال الإشارات عند تغيير اتجاه المركبة أو الدوران,5097
456,2018,حضوري,عدم إعطاء أفضلية الطريق لمركبات الطوارئ أو الإسعاف أو الشرطة أو المواكب الرسمية,27
457,2018,حضوري,عدم إعطاء الأولوية للمشاة في الأماكن المخصصة لعبورها,3016
458,2018,حضوري,عدم إفساح الطريق للمركبات التي لها أفضيلة الطريق القادمة من الخلف أو من الجهة اليسرى,321
459,2018,حضوري,عدم الالتزام بنظام التحميل أو التفريغ في الأماكن المخصصة,375
460,2018,حضوري,عدم التزام المركبة الثقيلة بخط السير الإلزامي,2589
461,2018,حضوري,عدم التزام المركبة الخفيفة بخط السير الإلزامي,17704
462,2018,حضوري,عدم التزام المشاة بالإشارات الضوئية,1122
463,2018,حضوري,عدم التزام سائقي المركبات بعلامات وإرشادات المرور,8377
464,2018,حضوري,عدم التزام قائد مركبة نقل طلبة المدارس (الحافلة) بفتح إشارة (قف) وبتعليمات وإرشادات المرور,40
465,2018,حضوري,عدم التوقف أثناء مشاهدة قائدة المركبة لإشارة (قف) الخاصة بمركبات نقل طلبة المدراس (الحافلة),859
466,2018,حضوري,عدم الوقوف عند التسبب في حادث بسيط,565
467,2018,حضوري,عدم تأمين ثبات المركبة عند وقوفها,41
468,2018,حضوري,عدم تثبيت ملصقات عاكسة خلف الشاحنات ومركبات النقل,3898
469,2018,حضوري,عدم ترك مسافة كافية خلف المركبات الأمامية,9020
470,2018,حضوري,عدم تسليم الرخصة عند بلوغ الحد التراكمي في السابقة المرورية الأولى,55
471,2018,حضوري,عدم تسليم الرخصة عند بلوغ الحد التراكمي في السابقة المرورية الثالثة,1
472,2018,حضوري,عدم تسليم الرخصة عند بلوغ الحد التراكمي في السابقة المرورية الثانية,1
473,2018,حضوري,عدم تغطية الحمولة في الشاحنات,8
474,2018,حضوري,عدم توفير مقاعد حماية مخصصة للأطفال من عمر أربع سنوات فما دون أثناء وجودهم  في المركبة,116
475,2018,حضوري,عدم حمل تصريح التعليم أثناء التدريب,8
476,2018,حضوري,عدم حمل رخصة القيادة,6268
477,2018,حضوري,عدم حمل ملكية المركبة,5670
478,2018,حضوري,عدم ربط حزام الأمان أثناء القيادة لأي من الركاب,27262
479,2018,حضوري,عدم ربط حزام الآمان أثناء القيادة من قبل السائق,30753
480,2018,حضوري,عدم رفع جهاز العادم في الشاحنات,509
481,2018,حضوري,عدم صلاحية إشارات تغيير الاتجاه,790
482,2018,حضوري,عدم صلاحية إضاءة المركبة,2987
483,2018,حضوري,عدم صلاحية إطارات المركبة أثناء السير,16838
484,2018,حضوري,عدم صلاحية مصابيح الإنارة خلف المقطورة أو على جوانبها,419
485,2018,حضوري,عدم فحص المركبة بعد إجراء أي تعديل جوهري في محركها,2277
486,2018,حضوري,عدم فحص المركبة بعد إجراء أي تعديل في هيكلها,1748
487,2018,حضوري,عدم وجود ضوء في الإنارة الخلفية للمركبة,3194
488,2018,حضوري,عدم وجود مصابيح الإنارة خلف المقطورة أو على جوانبها,50
489,2018,حضوري,عدم وضوح أرقام لوحات المركبة,1884
490,2018,حضوري,عرقلة حركة السير بأي طريقة كانت فيما لم يرد به نص في هذا الجدول,3303
491,2018,حضوري,عرقلة حركة السير( التجمهر) أثناء حوادث السير,48
492,2018,حضوري,قطر مركبة أو زورق أو عربة بدون ترخيص,4066
493,2018,حضوري,قيادة المركبة بطريقة تعرض حياته أو حيات الأخرين أو سلامتهم أو أمنهم للخط,418
494,2018,حضوري,قيادة المركبة بطريقة من شأنها أن تلحق ضررا بالمرافق العامة أو الخاص,6
495,2018,حضوري,قيادة المركبة بعكس اتجاه السير,4261
496,2018,حضوري,قيادة المركبة تحت تأثير الكحول,595
497,2018,حضوري,قيادة المركبة تحت تأثير المواد المخدرة أو المؤثرات العقلية أو ما في حكمها,94
498,2018,حضوري,قيادة مركبة بخلاف الرخصة الممنوحة,1111
499,2018,حضوري,قيادة مركبة برخصة قيادة صادرة من دولة أجنبية في غير الحالات المرخص بها,22
500,2018,حضوري,قيادة مركبة برخصة قيادة منتهية المفعول,7051
501,2018,حضوري,قيادة مركبة بسرعة تقل عن الحد الأدنى للسرعة المحددة للطريق إن وجدت,14
502,2018,حضوري,قيادة مركبة بلوحة أرقام واحدة,655
503,2018,حضوري,قيادة مركبة تحدث تلوثاً للبيئة,281
504,2018,حضوري,قيادة مركبة تسبب ضجيجاً,3382
505,2018,حضوري,قيادة مركبة ثقيلة بطريقة تعرض حياته أو حياة الآخرين أو سلامتهم أو أمنهم للخطر,8
506,2018,حضوري,قيادة مركبة ثقيلة لا تتوفر فيها شروط الأمن والسلامة,241
507,2018,حضوري,قيادة مركبة على الطريق بدون لوحات أرقام,65
508,2018,حضوري,قيادة مركبة غير صالحة للسي,17
509,2018,حضوري,قيادة مركبة غير مرخصة من سلطة الترخيص,146
510,2018,حضوري,قيادة مركبة غير مؤمن عليه,10417
511,2018,حضوري,قيادة مركبة في المناطق السكنية الداخلية وحول المؤسسات التعليمية والمستشفيات بطريقة يترتب عليها تعريض حياة الآخرين للخطر,32
512,2018,حضوري,قيادة مركبة لا تتوفر فيها شروط الأمن والسلام,722
513,2018,حضوري,قيادة مركبة منتهية الترخيص,21377
514,2018,حضوري,قيام سائقي الشاحنات بالتجاوز في مكان يمنع فيه التجاوز,63
515,2018,حضوري,كتابة عبارات أو وضع ملصقات على المركبة بدون تصريح,7441
516,2018,حضوري,مخالفة قواعد استعمال لوحات الأرقام التجارية,2
517,2018,حضوري,مرور أو دخول المركبات الثقيلة في الطرق والأماكن الممنوعة,2815
518,2018,حضوري,نقل الركاب في مركبة غير مخصصة لنقلهم,150
519,2018,حضوري,نقل الركاب في مركبة مخصصة لنقلهم زيادة عن العدد المقرر,1461
520,2018,حضوري,وضع علامات على الطريق تضر به أو تعطل حركة السير,5
521,2018,حضوري,وقوف المركبات أمام فوهات الحريق,54
522,2018,حضوري,وقوف المركبات في الأماكن المخصصة لذوي الاحتياجات الخاصة,987
523,2018,حضوري,وقوف مركبات الأجرة المخصصة لها مواقف لنقل الركاب في غير الأماكن المصرح بها,685
524,2018,حضوري,تحميل المركبة الثقيلة بصورة من شأنها أن تلحق أضرارا بالطريق,9
525,2018,حضوري,استخدام الدراجة الترفيهية ذات الثلاث عجلات فأكثر على الطريق,1
526,2018,حضوري,قيادة مركبة ثقيلة بطريقة من شأنها أن تلحق ضرراً بالمرافق العامة أو الخاصة,1
527,2019,حضوري, قطر مركبة أو زورق أو عربة بطريقة لا تتوافر فيها شروط الأمن والسلامة,148
528,2019,حضوري,إحداث تغييرات في لون المركبة بدون ترخيص,530
529,2019,حضوري,إحداث تغييرات في محرك المركبة أو القاعدة (شاسي) بدون ترخيص,4704
530,2019,حضوري,استعمال آلة التنبية أو مسجل المركبة بطريقة يترتب عليها أزعاج الآخرين,305
531,2019,حضوري,استعمال المركبة في غير الغرض المخصص لها,129
532,2019,حضوري,استعمال المركبة في نقل الركاب بدون ترخيص,2698
533,2019,حضوري,استعمال مركبات التعليم في غير الأوقات أو الأماكن المحددة من سلطة الترخيص,18
534,2019,حضوري,الانتقال إلى الطريق بصورة خطرة,70
535,2019,حضوري,الإنحراف المفاجئ بالمركبة,1956
536,2019,حضوري,الانشغال عن الطريق أثناء قيادة المركبة باستعمال الهاتف,18476
537,2019,حضوري,الانشغال عن الطريق اثناء قيادة المركبة بأي صورة كان,605
538,2019,حضوري,التجاوز بصورة خاطئة,1075
539,2019,حضوري,التجاوز من مكان ممنوع فيه التجاوز,229
540,2019,حضوري,التجاوز من ناحية كتف الطريق,703
541,2019,حضوري,التسبب في وفاة شخص,70
542,2019,حضوري,التسبب في وقوع حادث بليغ أو إصابات,242
543,2019,حضوري,الحمولة الزائدة أو بروز الحمولة في المركبات الخفيفة عما هو مقرر دون ترخيص,527
544,2019,حضوري,الدخول بالمركبة في مكان ممنوع,1482
545,2019,حضوري,الدوران بالمركبة بطريقة خاطئة,290
546,2019,حضوري,الدوران بالمركبة من غير المكان المخصص لذلك,447
547,2019,حضوري,الرجوع إلى الخلف بصورة خطرة,660
548,2019,حضوري,السماح للطفل من سن العاشرة فما دون أو من يقل طوله عن 145سم بالجلوس في المقعد الأمامي للمركبة,222
549,2019,حضوري,السير في أوقات الضباب بالمخالفة لتعليمات الجهة المعنية,592
550,2019,حضوري,السير في أوقات الضباب دون استعمال الأنوار,22
551,2019,حضوري,السير ليلاً دون استعمال الأنوار,1479
552,2019,حضوري,القاء المخلفات من المركبات بالطريق أثناء القيادة,225
553,2019,حضوري,الهروب من شرطي المرور,72
554,2019,حضوري,الوقوف بشكل خاطئ,5948
555,2019,حضوري,الوقوف خلف المركبات مما يعوق تحركها,453
556,2019,حضوري,الوقوف في الصندوق الأصفر,54
557,2019,حضوري,الوقوف وسط الطريق دون مبرر,737
558,2019,حضوري,إيقاف المركبات على الأرصفة,366
559,2019,حضوري,إيقاف المركبة على الجانب الأيسر من الطريق العام في غير الأماكن المسموح فيها,13
560,2019,حضوري,إيقاف المركبة على ممر عبورة المشاة,134
561,2019,حضوري,إيقاف المركبة عند مفترقات ومنعطفات الطرق,58
562,2019,حضوري,إيقاف مركبة بطريقة تسبب خطر للمارة,18
563,2019,حضوري,إيقاف مركبة بطريقة تعرقل حركة المشاة,44
564,2019,حضوري,تجاوز الإشارة الضوئية الحمراء من قبل الدراجات الآلية,16
565,2019,حضوري,تجاوز الإشارة الضوئية الحمراء من قبل المركبات الخفيفية,775
566,2019,حضوري,تجاوز الحد الأقصى للسرعة المقررة  بما يزيد عن 60 كم / ساعة,16
567,2019,حضوري,تجاوز الحد الأقصى للسرعة المقررة  بما يزيد عن 80 كم / ساعة,4
568,2019,حضوري,تجاوز الحد الاقصى للسرعة المقررة بما لا يزيد عن 20 كم / ساعة,333
569,2019,حضوري,تجاوز الحد الاقصى للسرعة المقررة بما لا يزيد عن 30 كم / ساعة,60
570,2019,حضوري,تجاوز الحد الاقصى للسرعة المقررة بما لا يزيد عن 40 كم / ساعة,33
571,2019,حضوري,تجاوز الحد الأقصى للسرعة المقررة بما لا يزيد عن 50 كم / ساعة,21
572,2019,حضوري,تجاوز الحد الأقصى للسرعة المقررة بما لا يزيد عن 60 كم / ساعة,18
573,2019,حضوري,تجاوز المركبات الثقيلة للإشارة الضوئية الحمراء,15
574,2019,حضوري,تحميل المركبة الثقيلة بصورة تشكل خطورة على الغير,28
575,2019,حضوري,تحميل المركبة الخفيفة بصورة تشكل خطورة على الطرق,27
576,2019,حضوري,تحميل المركبة الخفيفة بصورة تشكل خطورة على الغير,24
577,2019,حضوري,تسبب سائق المركبة الثقيلة في أي حادث ينجم عنه تدهور المركبة التي يقودها أو اية مركبة أخرى,15
578,2019,حضوري,تسرب أو تساقط أشياء من حمولة المركبات الثقيلة,48
579,2019,حضوري,تسرب أو تساقط أشياء من حمولة المركبات الخفيفية,56
580,2019,حضوري,تسيير المركبات الصناعية والإنشائية والجرارات والأجهزة الميكانيكية دون تصريح من سلطة الترخيص,39
581,2019,حضوري,تعليم القيادة بمركبة غير مخصصة للتعليم دون أذن من سلطة الترخيص,2
582,2019,حضوري,تعليم القيادة دون الحصول على تصريح من سلطة الترخيص,4
583,2019,حضوري,تلوين مركبة غير مسموح بتلوينها,342
584,2019,حضوري,دخول الطريق دون التأكد من خلوه,2685
585,2019,حضوري,رادار,10
586,2019,حضوري,زيادة نسبة تلوين زجاج مركبة عما هو مصرح به,16931
587,2019,حضوري,سير المركبات على المسارات المخصصة لمركبات الأجرة والحافلات في غير الأحوال المصرح لها,16
588,2019,حضوري,سير المركبات في مسيرات دون تصريح أو في غير الأحوال المصرح لها,13
589,2019,حضوري,عبور المشاة للطريق من غير الأماكن المخصص لعبورهم ( أن وجدت),47996
590,2019,حضوري,عدم اتباع ارشادات شرطي المرور,884
591,2019,حضوري,عدم اتخاذ اللازم لسلامة حركة السير عند تعطل المركبة,208
592,2019,حضوري,عدم ارتداء الخوذة اثناء قيادة الدراجة من قبل الراكب,52
593,2019,حضوري,عدم ارتداء الخوذة أثناء قيادة الدراجة من قبل السائق,82
594,2019,حضوري,عدم استعمال الإشارات عند تغيير اتجاه المركبة أو الدوران,3722
595,2019,حضوري,عدم إعطاء أفضلية الطريق لمركبات الطوارئ أو الإسعاف أو الشرطة أو المواكب الرسمية,31
596,2019,حضوري,عدم إعطاء الأولوية للمشاة في الأماكن المخصصة لعبورها,2553
597,2019,حضوري,عدم إفساح الطريق للمركبات التي لها أفضيلة الطريق القادمة من الخلف أو من الجهة اليسرى,411
598,2019,حضوري,عدم الالتزام بنظام التحميل أو التفريغ في الأماكن المخصصة,398
599,2019,حضوري,عدم التزام المركبة الثقيلة بخط السير الإلزامي,1778
600,2019,حضوري,عدم التزام المركبة الخفيفة بخط السير الإلزامي,12925
601,2019,حضوري,عدم التزام المشاة بالإشارات الضوئية,6369
602,2019,حضوري,عدم التزام سائقي المركبات بعلامات وإرشادات المرور,6395
603,2019,حضوري,عدم التزام سائقي المركبات بعلامات وإرشادات المرور - إشارة (قف,24
604,2019,حضوري,عدم التزام قائد مركبة نقل طلبة المدارس (الحافلة) بفتح إشارة (قف) وبتعليمات وإرشادات المرور,86
605,2019,حضوري,عدم التوقف أثناء مشاهدة قائدة المركبة لإشارة (قف) الخاصة بمركبات نقل طلبة المدراس (الحافلة),778
606,2019,حضوري,عدم الوقوف عند التسبب في حادث بسيط,726
607,2019,حضوري,عدم تأمين ثبات المركبة عند وقوفها,29
608,2019,حضوري,عدم تثبيت ملصقات عاكسة خلف الشاحنات ومركبات النقل,1955
609,2019,حضوري,عدم ترك مسافة كافية خلف المركبات الأمامية,6568
610,2019,حضوري,عدم تسليم الرخصة عند بلوغ الحد التراكمي في السابقة المرورية الأولى,8
611,2019,حضوري,عدم تسليم الرخصة عند بلوغ الحد التراكمي في السابقة المرورية الثالثة,1
612,2019,حضوري,عدم تسليم الرخصة عند بلوغ الحد التراكمي في السابقة المرورية الثانية,3
613,2019,حضوري,عدم تغطية الحمولة في الشاحنات,8
614,2019,حضوري,عدم توفير مقاعد حماية مخصصة للأطفال من عمر أربع سنوات فما دون أثناء وجودهم  في المركبة,18
615,2019,حضوري,عدم حمل تصريح التعليم أثناء التدريب,9
616,2019,حضوري,عدم حمل رخصة القيادة,4817
617,2019,حضوري,عدم حمل ملكية المركبة,3557
618,2019,حضوري,عدم ربط حزام الأمان أثناء القيادة لأي من الركاب,16430
619,2019,حضوري,عدم ربط حزام الآمان أثناء القيادة من قبل السائق,28087
620,2019,حضوري,عدم رفع جهاز العادم في الشاحنات,57
621,2019,حضوري,عدم صلاحية إشارات تغيير الاتجاه,682
622,2019,حضوري,عدم صلاحية إضاءة المركبة,2001
623,2019,حضوري,عدم صلاحية إطارات المركبة أثناء السير,11993
624,2019,حضوري,عدم صلاحية مصابيح الإنارة خلف المقطورة أو على جوانبها,324
625,2019,حضوري,عدم فحص المركبة بعد إجراء أي تعديل جوهري في محركها,3496
626,2019,حضوري,عدم فحص المركبة بعد إجراء أي تعديل في هيكلها,2532
627,2019,حضوري,عدم وجود ضوء في الإنارة الخلفية للمركبة,2255
628,2019,حضوري,عدم وجود مصابيح الإنارة خلف المقطورة أو على جوانبها,90
629,2019,حضوري,عدم وضوح أرقام لوحات المركبة,1526
630,2019,حضوري,عرقلة حركة السير بأي طريقة كانت فيما لم يرد به نص في هذا الجدول,3266
631,2019,حضوري,عرقلة حركة السير( التجمهر) أثناء حوادث السير,27
632,2019,حضوري,قطر مركبة أو زورق أو عربة بدون ترخيص,197
633,2019,حضوري,قيادة المركبة بطريقة تعرض حياته أو حيات الأخرين أو سلامتهم أو أمنهم للخط,287
634,2019,حضوري,قيادة المركبة بطريقة من شأنها أن تلحق ضررا بالمرافق العامة أو الخاص,4
635,2019,حضوري,قيادة المركبة بعكس اتجاه السير,3489
636,2019,حضوري,قيادة المركبة تحت تأثير الكحول,537
637,2019,حضوري,قيادة المركبة تحت تأثير المواد المخدرة أو المؤثرات العقلية أو ما في حكمها,89
638,2019,حضوري,قيادة مركبة بخلاف الرخصة الممنوحة,966
639,2019,حضوري,قيادة مركبة برخصة قيادة صادرة من دولة أجنبية في غير الحالات المرخص بها,10
640,2019,حضوري,قيادة مركبة برخصة قيادة منتهية المفعول,6244
641,2019,حضوري,قيادة مركبة بسرعة تقل عن الحد الأدنى للسرعة المحددة للطريق إن وجدت,1
642,2019,حضوري,قيادة مركبة بلوحة أرقام واحدة,456
643,2019,حضوري,قيادة مركبة تحدث تلوثاً للبيئة,264
644,2019,حضوري,قيادة مركبة تسبب ضجيجاً,4508
645,2019,حضوري,قيادة مركبة ثقيلة بطريقة تعرض حياته أو حياة الآخرين أو سلامتهم أو أمنهم للخطر,5
646,2019,حضوري,قيادة مركبة ثقيلة لا تتوفر فيها شروط الأمن والسلامة,221
647,2019,حضوري,قيادة مركبة على الطريق بدون لوحات أرقام,69
648,2019,حضوري,قيادة مركبة غير صالحة للسي,15
649,2019,حضوري,قيادة مركبة غير مرخصة من سلطة الترخيص,97
650,2019,حضوري,قيادة مركبة غير مؤمن عليه,7534
651,2019,حضوري,قيادة مركبة في المناطق السكنية الداخلية وحول المؤسسات التعليمية والمستشفيات بطريقة يترتب عليها تعريض حياة الآخرين للخطر,49
652,2019,حضوري,قيادة مركبة لا تتوفر فيها شروط الأمن والسلام,363
653,2019,حضوري,قيادة مركبة منتهية الترخيص,8816
654,2019,حضوري,قيام سائقي الشاحنات بالتجاوز في مكان يمنع فيه التجاوز,66
655,2019,حضوري,كتابة عبارات أو وضع ملصقات على المركبة بدون تصريح,3485
656,2019,حضوري,مخالفة قواعد استعمال لوحات الأرقام التجارية,3
657,2019,حضوري,مرور أو دخول المركبات الثقيلة في الطرق والأماكن الممنوعة,3240
658,2019,حضوري,نقل الركاب في مركبة غير مخصصة لنقلهم,142
659,2019,حضوري,نقل الركاب في مركبة مخصصة لنقلهم زيادة عن العدد المقرر,902
660,2019,حضوري,وضع علامات على الطريق تضر به أو تعطل حركة السير,2
661,2019,حضوري,وقوف المركبات أمام فوهات الحريق,26
662,2019,حضوري,وقوف المركبات في الأماكن المخصصة لذوي الاحتياجات الخاصة,1004
663,2019,حضوري,وقوف مركبات الأجرة المخصصة لها مواقف لنقل الركاب في غير الأماكن المصرح بها,344
664,2019,حضوري,تحميل المركبة الثقيلة بصورة من شأنها أن تلحق أضرارا بالطريق,4
665,2019,حضوري,قيادة مركبة ثقيلة بطريقة من شأنها أن تلحق ضرراً بالمرافق العامة أو الخاصة,1
666,2020,حضوري, قطر مركبة أو زورق أو عربة بطريقة لا تتوافر فيها شروط الأمن والسلامة,141
667,2020,حضوري,إحداث تغييرات في لون المركبة بدون ترخيص,345
668,2020,حضوري,إحداث تغييرات في محرك المركبة أو القاعدة (شاسي) بدون ترخيص,3375
669,2020,حضوري,استعمال آلة التنبية أو مسجل المركبة بطريقة يترتب عليها أزعاج الآخرين,330
670,2020,حضوري,استعمال المركبة في غير الغرض المخصص لها,309
671,2020,حضوري,استعمال المركبة في نقل الركاب بدون ترخيص,1127
672,2020,حضوري,استعمال المركبة في نقل مواد خطرة أو قابلة للاشتعال بدون ترخيص,6
673,2020,حضوري,استعمال مركبات التعليم في غير الأوقات أو الأماكن المحددة من سلطة الترخيص,11
674,2020,حضوري,الانتقال إلى الطريق بصورة خطرة,85
675,2020,حضوري,الإنحراف المفاجئ بالمركبة,1353
676,2020,حضوري,الانشغال عن الطريق أثناء قيادة المركبة باستعمال الهاتف,11453
677,2020,حضوري,الانشغال عن الطريق اثناء قيادة المركبة بأي صورة كان,364
678,2020,حضوري,التجاوز بصورة خاطئة,535
679,2020,حضوري,التجاوز من مكان ممنوع فيه التجاوز,110
680,2020,حضوري,التجاوز من ناحية كتف الطريق,674
681,2020,حضوري,التسبب في وفاة شخص,81
682,2020,حضوري,التسبب في وقوع حادث بليغ أو إصابات,220
683,2020,حضوري,الحمولة الزائدة أو بروز الحمولة في المركبات الخفيفة عما هو مقرر دون ترخيص,341
684,2020,حضوري,الدخول بالمركبة في مكان ممنوع,1037
685,2020,حضوري,الدوران بالمركبة بطريقة خاطئة,168
686,2020,حضوري,الدوران بالمركبة من غير المكان المخصص لذلك,211
687,2020,حضوري,الرجوع إلى الخلف بصورة خطرة,425
688,2020,حضوري,السماح للطفل من سن العاشرة فما دون أو من يقل طوله عن 145سم بالجلوس في المقعد الأمامي للمركبة,216
689,2020,حضوري,السير في أوقات الضباب بالمخالفة لتعليمات الجهة المعنية,1214
690,2020,حضوري,السير في أوقات الضباب دون استعمال الأنوار,35
691,2020,حضوري,السير ليلاً دون استعمال الأنوار,1145
692,2020,حضوري,القاء المخلفات من المركبات بالطريق أثناء القيادة,215
693,2020,حضوري,الهروب من شرطي المرور,108
694,2020,حضوري,الوقوف بشكل خاطئ,3423
695,2020,حضوري,الوقوف خلف المركبات مما يعوق تحركها,462
696,2020,حضوري,الوقوف في الصندوق الأصفر,10
697,2020,حضوري,الوقوف وسط الطريق دون مبرر,698
698,2020,حضوري,إيقاف المركبات على الأرصفة,357
699,2020,حضوري,إيقاف المركبة على الجانب الأيسر من الطريق العام في غير الأماكن المسموح فيها,11
700,2020,حضوري,إيقاف المركبة على ممر عبورة المشاة,72
701,2020,حضوري,إيقاف المركبة عند مفترقات ومنعطفات الطرق,41
702,2020,حضوري,إيقاف مركبة بطريقة تسبب خطر للمارة,22
703,2020,حضوري,إيقاف مركبة بطريقة تعرقل حركة المشاة,54
704,2020,حضوري,تجاوز الإشارة الضوئية الحمراء من قبل الدراجات الآلية,12
705,2020,حضوري,تجاوز الإشارة الضوئية الحمراء من قبل المركبات الخفيفية,604
706,2020,حضوري,تجاوز الحد الأقصى للسرعة المقررة  بما يزيد عن 60 كم / ساعة,4
707,2020,حضوري,تجاوز الحد الأقصى للسرعة المقررة  بما يزيد عن 80 كم / ساعة,1
708,2020,حضوري,تجاوز الحد الاقصى للسرعة المقررة بما لا يزيد عن 20 كم / ساعة,84
709,2020,حضوري,تجاوز الحد الاقصى للسرعة المقررة بما لا يزيد عن 30 كم / ساعة,6
710,2020,حضوري,تجاوز الحد الاقصى للسرعة المقررة بما لا يزيد عن 40 كم / ساعة,1
711,2020,حضوري,تجاوز الحد الأقصى للسرعة المقررة بما لا يزيد عن 50 كم / ساعة,7
712,2020,حضوري,تجاوز الحد الأقصى للسرعة المقررة بما لا يزيد عن 60 كم / ساعة,4
713,2020,حضوري,تجاوز المركبات الثقيلة للإشارة الضوئية الحمراء,22
714,2020,حضوري,تحميل المركبة الثقيلة بصورة تشكل خطورة على الغير,9
715,2020,حضوري,تحميل المركبة الخفيفة بصورة تشكل خطورة على الطرق,32
716,2020,حضوري,تحميل المركبة الخفيفة بصورة تشكل خطورة على الغير,19
717,2020,حضوري,تسبب سائق المركبة الثقيلة في أي حادث ينجم عنه تدهور المركبة التي يقودها أو اية مركبة أخرى,23
718,2020,حضوري,تسرب أو تساقط أشياء من حمولة المركبات الثقيلة,37
719,2020,حضوري,تسرب أو تساقط أشياء من حمولة المركبات الخفيفية,45
720,2020,حضوري,تسيير المركبات الصناعية والإنشائية والجرارات والأجهزة الميكانيكية دون تصريح من سلطة الترخيص,27
721,2020,حضوري,تعليم القيادة دون الحصول على تصريح من سلطة الترخيص,9
722,2020,حضوري,تلوين مركبة غير مسموح بتلوينها,479
723,2020,حضوري,دخول الطريق دون التأكد من خلوه,2009
724,2020,حضوري,زيادة نسبة تلوين زجاج مركبة عما هو مصرح به,12783
725,2020,حضوري,زيادة نسبة تلوين زجاج مركبة عما هو مصرح به . ( شامل ),82
726,2020,حضوري,زيادة نسبة تلوين زجاج مركبة عما هو مصرح به . ( عاكس ),2
727,2020,حضوري,سير المركبات على المسارات المخصصة لمركبات الأجرة والحافلات في غير الأحوال المصرح لها,25
728,2020,حضوري,سير المركبات في مسيرات دون تصريح أو في غير الأحوال المصرح لها,14
729,2020,حضوري,عبور المشاة للطريق من غير الأماكن المخصص لعبورهم ( أن وجدت),12876
730,2020,حضوري,عدم اتباع ارشادات شرطي المرور,2705
731,2020,حضوري,عدم اتخاذ اللازم لسلامة حركة السير عند تعطل المركبة,130
732,2020,حضوري,عدم ارتداء الخوذة اثناء قيادة الدراجة من قبل الراكب,61
733,2020,حضوري,عدم ارتداء الخوذة أثناء قيادة الدراجة من قبل السائق,87
734,2020,حضوري,عدم استعمال الإشارات عند تغيير اتجاه المركبة أو الدوران,2911
735,2020,حضوري,عدم إعطاء أفضلية الطريق لمركبات الطوارئ أو الإسعاف أو الشرطة أو المواكب الرسمية,34
736,2020,حضوري,عدم إعطاء الأولوية للمشاة في الأماكن المخصصة لعبورها,904
737,2020,حضوري,عدم إفساح الطريق للمركبات التي لها أفضيلة الطريق القادمة من الخلف أو من الجهة اليسرى,227
738,2020,حضوري,عدم الالتزام بنظام التحميل أو التفريغ في الأماكن المخصصة,81
739,2020,حضوري,عدم التزام المركبة الثقيلة بخط السير الإلزامي,1379
740,2020,حضوري,عدم التزام المركبة الخفيفة بخط السير الإلزامي,7271
741,2020,حضوري,عدم التزام المشاة بالإشارات الضوئية,5249
742,2020,حضوري,عدم التزام سائقي المركبات بعلامات وإرشادات المرور,7078
743,2020,حضوري,عدم التزام سائقي المركبات بعلامات وإرشادات المرور - إشارة (قف,159
744,2020,حضوري,عدم التزام قائد مركبة نقل طلبة المدارس (الحافلة) بفتح إشارة (قف) وبتعليمات وإرشادات المرور,19
745,2020,حضوري,عدم التوقف أثناء مشاهدة قائدة المركبة لإشارة (قف) الخاصة بمركبات نقل طلبة المدراس (الحافلة),55
746,2020,حضوري,عدم الوقوف عند التسبب في حادث بسيط,523
747,2020,حضوري,عدم تأمين ثبات المركبة عند وقوفها,17
748,2020,حضوري,عدم تثبيت ملصقات عاكسة خلف الشاحنات ومركبات النقل,2097
749,2020,حضوري,عدم ترك مسافة كافية خلف المركبات الأمامية,3870
750,2020,حضوري,عدم ترك مسافة كافية خلف المركبات الأمامية .(حادث) القرار رقم 5,13
751,2020,حضوري,عدم تسليم الرخصة عند بلوغ الحد التراكمي في السابقة المرورية الأولى,3
752,2020,حضوري,عدم تسليم الرخصة عند بلوغ الحد التراكمي في السابقة المرورية الثالثة,1
753,2020,حضوري,عدم تسليم الرخصة عند بلوغ الحد التراكمي في السابقة المرورية الثانية,1
754,2020,حضوري,عدم تغطية الحمولة في الشاحنات,2
755,2020,حضوري,عدم توفير مقاعد حماية مخصصة للأطفال من عمر أربع سنوات فما دون أثناء وجودهم  في المركبة,34
756,2020,حضوري,عدم حمل تصريح التعليم أثناء التدريب,4
757,2020,حضوري,عدم حمل رخصة القيادة,2707
758,2020,حضوري,عدم حمل ملكية المركبة,2133
759,2020,حضوري,عدم ربط حزام الأمان أثناء القيادة لأي من الركاب,4831
760,2020,حضوري,عدم ربط حزام الآمان أثناء القيادة من قبل السائق,19091
761,2020,حضوري,عدم رفع جهاز العادم في الشاحنات,31
762,2020,حضوري,عدم صلاحية إشارات تغيير الاتجاه,250
763,2020,حضوري,عدم صلاحية إضاءة المركبة,1319
764,2020,حضوري,عدم صلاحية إطارات المركبة أثناء السير,6019
765,2020,حضوري,عدم صلاحية مصابيح الإنارة خلف المقطورة أو على جوانبها,161
766,2020,حضوري,عدم فحص المركبة بعد إجراء أي تعديل جوهري في محركها,1315
767,2020,حضوري,عدم فحص المركبة بعد إجراء أي تعديل في هيكلها,1064
768,2020,حضوري,عدم وجود ضوء في الإنارة الخلفية للمركبة,1241
769,2020,حضوري,عدم وجود مصابيح الإنارة خلف المقطورة أو على جوانبها,44
770,2020,حضوري,عدم وضوح أرقام لوحات المركبة,1536
771,2020,حضوري,عرقلة حركة السير بأي طريقة كانت فيما لم يرد به نص في هذا الجدول,2082
772,2020,حضوري,عرقلة حركة السير( التجمهر) أثناء حوادث السير,29
773,2020,حضوري,قطر مركبة أو زورق أو عربة بدون ترخيص,148
774,2020,حضوري,قيادة المركبة بطريقة تعرض حياته أو حيات الأخرين أو سلامتهم أو أمنهم للخط,260
775,2020,حضوري,قيادة المركبة بطريقة من شأنها أن تلحق ضررا بالمرافق العامة أو الخاص,5
776,2020,حضوري,قيادة المركبة بعكس اتجاه السير,3016
777,2020,حضوري,قيادة المركبة تحت تأثير الكحول,346
778,2020,حضوري,قيادة المركبة تحت تأثير المواد المخدرة أو المؤثرات العقلية أو ما في حكمها,113
779,2020,حضوري,قيادة مركبة بخلاف الرخصة الممنوحة,763
780,2020,حضوري,قيادة مركبة برخصة قيادة منتهية المفعول,4315
781,2020,حضوري,قيادة مركبة بلوحة أرقام واحدة,504
782,2020,حضوري,قيادة مركبة تحدث تلوثاً للبيئة,104
783,2020,حضوري,قيادة مركبة تسبب ضجيجاً,2960
784,2020,حضوري,قيادة مركبة ثقيلة بطريقة تعرض حياته أو حياة الآخرين أو سلامتهم أو أمنهم للخطر,10
785,2020,حضوري,قيادة مركبة ثقيلة لا تتوفر فيها شروط الأمن والسلامة,255
786,2020,حضوري,قيادة مركبة على الطريق بدون لوحات أرقام,155
787,2020,حضوري,قيادة مركبة غير صالحة للسي,26
788,2020,حضوري,قيادة مركبة غير مرخصة من سلطة الترخيص,71
789,2020,حضوري,قيادة مركبة غير مؤمن عليه,2346
790,2020,حضوري,قيادة مركبة في المناطق السكنية الداخلية وحول المؤسسات التعليمية والمستشفيات بطريقة يترتب عليها تعريض حياة الآخرين للخطر,65
791,2020,حضوري,قيادة مركبة لا تتوفر فيها شروط الأمن والسلام,431
792,2020,حضوري,قيادة مركبة منتهية الترخيص,2351
793,2020,حضوري,قيام سائقي الشاحنات بالتجاوز في مكان يمنع فيه التجاوز,90
794,2020,حضوري,كتابة عبارات أو وضع ملصقات على المركبة بدون تصريح,1084
795,2020,حضوري,مخالفة قواعد استعمال لوحات الأرقام التجارية,4
796,2020,حضوري,مرور أو دخول المركبات الثقيلة في الطرق والأماكن الممنوعة,2099
797,2020,حضوري,نقل الركاب في مركبة غير مخصصة لنقلهم,129
798,2020,حضوري,نقل الركاب في مركبة مخصصة لنقلهم زيادة عن العدد المقرر,2064
799,2020,حضوري,وضع علامات على الطريق تضر به أو تعطل حركة السير,3
800,2020,حضوري,وقوف المركبات أمام فوهات الحريق,33
801,2020,حضوري,وقوف المركبات في الأماكن المخصصة لذوي الاحتياجات الخاصة,917
802,2020,حضوري,وقوف مركبات الأجرة المخصصة لها مواقف لنقل الركاب في غير الأماكن المصرح بها,191
803,2020,حضوري,تحميل المركبة الثقيلة بصورة من شأنها أن تلحق أضرارا بالطريق,3
804,2020,حضوري,استخدام الدراجة الترفيهية ذات الثلاث عجلات فأكثر على الطريق,4
805,2020,حضوري,قيادة مركبة ثقيلة بطريقة من شأنها أن تلحق ضرراً بالمرافق العامة أو الخاصة,1
806,2020,حضوري,قيادة المركبة بلوحات أرقام مصطنعة أو مقلدة أو مطموسة أو تم تغييرها أو استعمالها بطريقة لاتتفق مع التشريعات السارية ومع تحقق علم قائد المركبة بذلك,4
807,2020,حضوري,تجاوز الإشارة الضوئية الحمراء قرار رقم 5,2
808,2020,حضوري,صدم دورية عسكرية أو التسبب في تلفها,1
809,2020,حضوري,الإنحراف المفاجئ بالمركبة . (حادث) القرار رقم 5,16
810,2020,حضوري,عدم إعطاء الأولوية للمشاة في الأماكن المخصصة لعبورها .(حادث) القرار رقم 5,1
